{"cameraMode":{"drawMode":0,"name":"Shaded","section":"Shading Mode"},"sceneLighting":true,"audioPlay":false,"sceneViewState":{"showFog":true,"showMaterialUpdate":false,"showSkybox":true,"showFlares":true,"showImageEffects":true,"showParticleSystems":true},"in2DMode":false,"pivot":{"x":0.10487504303455353,"y":-0.3986559212207794,"z":0.42375296354293826},"rotation":{"x":0.3107144832611084,"y":0.11369629204273224,"z":-0.03746163845062256,"w":0.9429462552070618},"size":1.640326976776123,"orthographic":false}