{"cameraMode":{"drawMode":0,"name":"Shaded","section":"Shading Mode"},"sceneLighting":false,"audioPlay":false,"sceneViewState":{"showFog":true,"showMaterialUpdate":false,"showSkybox":false,"showFlares":true,"showImageEffects":true,"showParticleSystems":true},"in2DMode":false,"pivot":{"x":-5.2589192390441898,"y":1.3521130084991456,"z":0.7849994897842407},"rotation":{"x":0.2715070843696594,"y":0.28469255566596987,"z":-0.0844326913356781,"w":0.9154824018478394},"size":5.08289909362793,"orthographic":false}