{"cameraMode":{"drawMode":0,"name":"Shaded","section":"Shading Mode"},"sceneLighting":true,"audioPlay":false,"sceneViewState":{"showFog":true,"showMaterialUpdate":false,"showSkybox":true,"showFlares":true,"showImageEffects":true,"showParticleSystems":true},"in2DMode":false,"pivot":{"x":0.023998551070690156,"y":0.004611765965819359,"z":-0.0029118843376636507},"rotation":{"x":-0.03972642868757248,"y":0.9582334756851196,"z":-0.16577953100204469,"w":-0.22962555289268495},"size":0.6073950529098511,"orthographic":false}