{"cameraMode":{"drawMode":0,"name":"Shaded","section":"Shading Mode"},"sceneLighting":true,"audioPlay":false,"sceneViewState":{"showFog":true,"showMaterialUpdate":false,"showSkybox":true,"showFlares":true,"showImageEffects":true,"showParticleSystems":true},"in2DMode":false,"pivot":{"x":0.023471828550100328,"y":0.07707461714744568,"z":-0.1231190413236618},"rotation":{"x":0.07871545851230622,"y":0.24561676383018495,"z":-0.02001505345106125,"w":0.965959370136261},"size":0.7056281566619873,"orthographic":false}