{"cameraMode":{"drawMode":0,"name":"Shaded","section":"Shading Mode"},"sceneLighting":true,"audioPlay":false,"sceneViewState":{"showFog":true,"showMaterialUpdate":false,"showSkybox":true,"showFlares":true,"showImageEffects":true,"showParticleSystems":true},"in2DMode":false,"pivot":{"x":-0.5800925493240356,"y":-0.5689805746078491,"z":0.020842723548412324},"rotation":{"x":0.22899244725704194,"y":-0.6378438472747803,"z":0.2070012241601944,"w":0.7056027054786682},"size":1.3774917125701905,"orthographic":false}