{"cameraMode":{"drawMode":0,"name":"Shaded","section":"Shading Mode"},"sceneLighting":false,"audioPlay":false,"sceneViewState":{"showFog":true,"showMaterialUpdate":false,"showSkybox":false,"showFlares":true,"showImageEffects":true,"showParticleSystems":true},"in2DMode":false,"pivot":{"x":5.307919502258301,"y":1.1766843795776368,"z":-0.7200000286102295},"rotation":{"x":0.2715070843696594,"y":0.28469255566596987,"z":-0.0844326913356781,"w":0.9154824018478394},"size":4.5812883377075199,"orthographic":false}