{"cameraMode":{"drawMode":0,"name":"Shaded","section":"Shading Mode"},"sceneLighting":true,"audioPlay":false,"sceneViewState":{"showFog":true,"showMaterialUpdate":false,"showSkybox":true,"showFlares":true,"showImageEffects":true,"showParticleSystems":true},"in2DMode":false,"pivot":{"x":0.11735016107559204,"y":-0.1408413201570511,"z":0.17554646730422975},"rotation":{"x":0.3441283702850342,"y":-0.001412817626260221,"z":0.0005165697075426579,"w":0.9389237761497498},"size":1.1066341400146485,"orthographic":false}