{"cameraMode":{"drawMode":0,"name":"Shaded","section":"Shading Mode"},"sceneLighting":true,"audioPlay":false,"sceneViewState":{"showFog":true,"showMaterialUpdate":false,"showSkybox":true,"showFlares":true,"showImageEffects":true,"showParticleSystems":true},"in2DMode":false,"pivot":{"x":-0.3245422840118408,"y":0.04664996638894081,"z":-0.271936297416687},"rotation":{"x":0.09974447637796402,"y":0.2696034908294678,"z":-0.028089407831430436,"w":0.9573840498924255},"size":0.24597346782684327,"orthographic":false}