{"cameraMode":{"drawMode":0,"name":"Shaded","section":"Shading Mode"},"sceneLighting":true,"audioPlay":false,"sceneViewState":{"showFog":true,"showMaterialUpdate":false,"showSkybox":true,"showFlares":true,"showImageEffects":true,"showParticleSystems":true},"in2DMode":false,"pivot":{"x":-0.23663359880447389,"y":-0.24559983611106873,"z":0.6601911783218384},"rotation":{"x":0.31253674626350405,"y":0.2044331580400467,"z":-0.06907040625810623,"w":0.9250771999359131},"size":0.8432707190513611,"orthographic":false}