{"cameraMode":{"drawMode":0,"name":"Shaded","section":"Shading Mode"},"sceneLighting":false,"audioPlay":false,"sceneViewState":{"showFog":true,"showMaterialUpdate":false,"showSkybox":false,"showFlares":true,"showImageEffects":true,"showParticleSystems":true},"in2DMode":false,"pivot":{"x":-5.258920192718506,"y":0.9888542294502258,"z":-0.7200008630752564},"rotation":{"x":0.1003686934709549,"y":0.07305803149938584,"z":-0.0073844739235937599,"w":0.9922482967376709},"size":4.945127964019775,"orthographic":false}